center_long,center_lat,filename
-101.928431887,19.3766598652,0_data.png
-101.93794221899999,19.376506433299998,1_data.png
-101.966472674,19.3760431623,2_data.png
-101.966367645,19.3793843857,n_data.png

